{
  "providers": [
    {
        "type": "ttf",
        "file": "fade:negative_spaces.ttf",
        "shift": [0.0, 0.0],
        "size": 10.0,
        "oversample": 1.0
    },
    {
        "type": "bitmap",
        "file": "fade:images/white_25.png",
        "ascent": 128,
        "height": 256,
        "chars": [
            "\u0001"
        ]
    },
    {
        "type": "bitmap",
        "file": "fade:images/white_50.png",
        "ascent": 128,
        "height": 256,
        "chars": [
            "\u0002"
        ]
    },
    {
        "type": "bitmap",
        "file": "fade:images/white_75.png",
        "ascent": 128,
        "height": 256,
        "chars": [
            "\u0003"
        ]
    },
    {
        "type": "bitmap",
        "file": "fade:images/white_100.png",
        "ascent": 128,
        "height": 256,
        "chars": [
            "\u0004"
        ]
    }
  ]
}
